label,returncode,stuck,log_path
"mc_MassFit_HighpT.C | pT[6.5,7.5], y[0,1.6], cent[0,180], isPR=PR",0,0,logs/mc_MassFit_HighpT.C_pT_6.5_7.5_y_0_1.6_cent_0_180_isPR_PR.log
"mc_MassFit_HighpT.C | pT[9.5,11], y[0,1.6], cent[0,180], isPR=PR",0,0,logs/mc_MassFit_HighpT.C_pT_9.5_11_y_0_1.6_cent_0_180_isPR_PR.log
"mc_MassFit_HighpT.C | pT[7.5,8.5], y[0,1.6], cent[0,180], isPR=PR",0,0,logs/mc_MassFit_HighpT.C_pT_7.5_8.5_y_0_1.6_cent_0_180_isPR_PR.log
"mc_MassFit_HighpT.C | pT[8.5,9.5], y[0,1.6], cent[0,180], isPR=PR",0,0,logs/mc_MassFit_HighpT.C_pT_8.5_9.5_y_0_1.6_cent_0_180_isPR_PR.log
"mc_MassFit_HighpT.C | pT[17.5,20], y[0,1.6], cent[0,180], isPR=PR",0,1,logs/mc_MassFit_HighpT.C_pT_17.5_20_y_0_1.6_cent_0_180_isPR_PR.log
"mc_MassFit_HighpT.C | pT[15,17.5], y[0,1.6], cent[0,180], isPR=PR",0,0,logs/mc_MassFit_HighpT.C_pT_15_17.5_y_0_1.6_cent_0_180_isPR_PR.log
"mc_MassFit_HighpT.C | pT[13,15], y[0,1.6], cent[0,180], isPR=PR",0,0,logs/mc_MassFit_HighpT.C_pT_13_15_y_0_1.6_cent_0_180_isPR_PR.log
"mc_MassFit_HighpT.C | pT[11,13], y[0,1.6], cent[0,180], isPR=PR",0,0,logs/mc_MassFit_HighpT.C_pT_11_13_y_0_1.6_cent_0_180_isPR_PR.log
"mc_MassFit_HighpT.C | pT[22.5,25], y[0,1.6], cent[0,180], isPR=PR",0,1,logs/mc_MassFit_HighpT.C_pT_22.5_25_y_0_1.6_cent_0_180_isPR_PR.log
"mc_MassFit_HighpT.C | pT[20,22.5], y[0,1.6], cent[0,180], isPR=PR",0,1,logs/mc_MassFit_HighpT.C_pT_20_22.5_y_0_1.6_cent_0_180_isPR_PR.log
"mc_MassFit_HighpT.C | pT[25,27.5], y[0,1.6], cent[0,180], isPR=PR",0,1,logs/mc_MassFit_HighpT.C_pT_25_27.5_y_0_1.6_cent_0_180_isPR_PR.log
"mc_MassFit_HighpT.C | pT[27.5,30], y[0,1.6], cent[0,180], isPR=PR",0,0,logs/mc_MassFit_HighpT.C_pT_27.5_30_y_0_1.6_cent_0_180_isPR_PR.log
"mc_MassFit_HighpT.C | pT[30,40], y[0,1.6], cent[0,180], isPR=PR",0,1,logs/mc_MassFit_HighpT.C_pT_30_40_y_0_1.6_cent_0_180_isPR_PR.log
"mc_MassFit_HighpT.C | pT[3.5,4.5], y[1.6,2.4], cent[0,180], isPR=PR",0,0,logs/mc_MassFit_HighpT.C_pT_3.5_4.5_y_1.6_2.4_cent_0_180_isPR_PR.log
"mc_MassFit_HighpT.C | pT[4.5,6.5], y[1.6,2.4], cent[0,180], isPR=PR",0,0,logs/mc_MassFit_HighpT.C_pT_4.5_6.5_y_1.6_2.4_cent_0_180_isPR_PR.log
"mc_MassFit_HighpT.C | pT[6.5,8.5], y[1.6,2.4], cent[0,180], isPR=PR",0,0,logs/mc_MassFit_HighpT.C_pT_6.5_8.5_y_1.6_2.4_cent_0_180_isPR_PR.log
"mc_MassFit_HighpT.C | pT[12,15], y[1.6,2.4], cent[0,180], isPR=PR",0,0,logs/mc_MassFit_HighpT.C_pT_12_15_y_1.6_2.4_cent_0_180_isPR_PR.log
"mc_MassFit_HighpT.C | pT[8.5,12], y[1.6,2.4], cent[0,180], isPR=PR",0,0,logs/mc_MassFit_HighpT.C_pT_8.5_12_y_1.6_2.4_cent_0_180_isPR_PR.log
"mc_MassFit_HighpT.C | pT[20,40], y[1.6,2.4], cent[0,180], isPR=PR",0,0,logs/mc_MassFit_HighpT.C_pT_20_40_y_1.6_2.4_cent_0_180_isPR_PR.log
"mc_MassFit_HighpT.C | pT[15,20], y[1.6,2.4], cent[0,180], isPR=PR",0,0,logs/mc_MassFit_HighpT.C_pT_15_20_y_1.6_2.4_cent_0_180_isPR_PR.log
"mc_MassFit_HighpT.C | pT[6.5,7.5], y[0,1.6], cent[0,180], isPR=NP",0,0,logs/mc_MassFit_HighpT.C_pT_6.5_7.5_y_0_1.6_cent_0_180_isPR_NP.log
"mc_MassFit_HighpT.C | pT[7.5,8.5], y[0,1.6], cent[0,180], isPR=NP",0,0,logs/mc_MassFit_HighpT.C_pT_7.5_8.5_y_0_1.6_cent_0_180_isPR_NP.log
"mc_MassFit_HighpT.C | pT[9.5,11], y[0,1.6], cent[0,180], isPR=NP",0,0,logs/mc_MassFit_HighpT.C_pT_9.5_11_y_0_1.6_cent_0_180_isPR_NP.log
"mc_MassFit_HighpT.C | pT[8.5,9.5], y[0,1.6], cent[0,180], isPR=NP",0,0,logs/mc_MassFit_HighpT.C_pT_8.5_9.5_y_0_1.6_cent_0_180_isPR_NP.log
"mc_MassFit_HighpT.C | pT[13,15], y[0,1.6], cent[0,180], isPR=NP",0,0,logs/mc_MassFit_HighpT.C_pT_13_15_y_0_1.6_cent_0_180_isPR_NP.log
"mc_MassFit_HighpT.C | pT[11,13], y[0,1.6], cent[0,180], isPR=NP",0,0,logs/mc_MassFit_HighpT.C_pT_11_13_y_0_1.6_cent_0_180_isPR_NP.log
"mc_MassFit_HighpT.C | pT[17.5,20], y[0,1.6], cent[0,180], isPR=NP",0,1,logs/mc_MassFit_HighpT.C_pT_17.5_20_y_0_1.6_cent_0_180_isPR_NP.log
"mc_MassFit_HighpT.C | pT[15,17.5], y[0,1.6], cent[0,180], isPR=NP",0,0,logs/mc_MassFit_HighpT.C_pT_15_17.5_y_0_1.6_cent_0_180_isPR_NP.log
"mc_MassFit_HighpT.C | pT[22.5,25], y[0,1.6], cent[0,180], isPR=NP",0,1,logs/mc_MassFit_HighpT.C_pT_22.5_25_y_0_1.6_cent_0_180_isPR_NP.log
"mc_MassFit_HighpT.C | pT[20,22.5], y[0,1.6], cent[0,180], isPR=NP",0,1,logs/mc_MassFit_HighpT.C_pT_20_22.5_y_0_1.6_cent_0_180_isPR_NP.log
"mc_MassFit_HighpT.C | pT[25,27.5], y[0,1.6], cent[0,180], isPR=NP",0,1,logs/mc_MassFit_HighpT.C_pT_25_27.5_y_0_1.6_cent_0_180_isPR_NP.log
"mc_MassFit_HighpT.C | pT[27.5,30], y[0,1.6], cent[0,180], isPR=NP",0,0,logs/mc_MassFit_HighpT.C_pT_27.5_30_y_0_1.6_cent_0_180_isPR_NP.log
"mc_MassFit_HighpT.C | pT[30,40], y[0,1.6], cent[0,180], isPR=NP",0,1,logs/mc_MassFit_HighpT.C_pT_30_40_y_0_1.6_cent_0_180_isPR_NP.log
"mc_MassFit_HighpT.C | pT[3.5,4.5], y[1.6,2.4], cent[0,180], isPR=NP",0,0,logs/mc_MassFit_HighpT.C_pT_3.5_4.5_y_1.6_2.4_cent_0_180_isPR_NP.log
"mc_MassFit_HighpT.C | pT[6.5,8.5], y[1.6,2.4], cent[0,180], isPR=NP",0,0,logs/mc_MassFit_HighpT.C_pT_6.5_8.5_y_1.6_2.4_cent_0_180_isPR_NP.log
"mc_MassFit_HighpT.C | pT[4.5,6.5], y[1.6,2.4], cent[0,180], isPR=NP",0,0,logs/mc_MassFit_HighpT.C_pT_4.5_6.5_y_1.6_2.4_cent_0_180_isPR_NP.log
"mc_MassFit_HighpT.C | pT[12,15], y[1.6,2.4], cent[0,180], isPR=NP",0,0,logs/mc_MassFit_HighpT.C_pT_12_15_y_1.6_2.4_cent_0_180_isPR_NP.log
"mc_MassFit_HighpT.C | pT[8.5,12], y[1.6,2.4], cent[0,180], isPR=NP",0,0,logs/mc_MassFit_HighpT.C_pT_8.5_12_y_1.6_2.4_cent_0_180_isPR_NP.log
"mc_MassFit_HighpT.C | pT[15,20], y[1.6,2.4], cent[0,180], isPR=NP",0,0,logs/mc_MassFit_HighpT.C_pT_15_20_y_1.6_2.4_cent_0_180_isPR_NP.log
"mc_MassFit_HighpT.C | pT[20,40], y[1.6,2.4], cent[0,180], isPR=NP",0,0,logs/mc_MassFit_HighpT.C_pT_20_40_y_1.6_2.4_cent_0_180_isPR_NP.log
